Workbook

Sheet اقرأ أولًا
A1: مراجعة محتوى تطبيق نقاء
A3: الهدف: التأكد من أن كل نصيحة غسيل في التطبيق صحيحة وآمنة قبل أن تصل إلى الناس. كُتب هذا المحتوى من معلومات عامة ولم يُجرَّب ولم يراجعه مختص بعد.
A5: طريقة المراجعة
A6: 1) افتح كل ورقة عمل (في أسفل الشاشة) وعليك قراءة عمود «النص بالعربية» سطرًا سطرًا.
A7: 2) في عمود «التقييم» اختر من القائمة: صحيحة / تحتاج تعديل / خطأ / غير متأكد.
A8: 3) إن اخترت «تحتاج تعديل» أو «خطأ» فاكتب الصيغة الصحيحة في عمود «التصحيح المقترح» (يكفي بالعربية).
A9: 4) اكتب في «المصدر / المرجع» من أين تعرف ذلك إن أمكن (خبرة عمل، ملصق شركة، معيار…).
A10: 5) كل ما كان فيه خطر على القطعة أو على الصحة (مبيّضات، كحول، ماء الأكسجين، خلط مواد) نريد رأيك فيه بالذات.
A12: معنى التقييم
A13: صحيحة: النص دقيق وآمن كما هو. تحتاج تعديل: المعنى سليم لكن الصياغة أو التفصيل (وقت، حرارة، جرعة) غير دقيق.
A14: خطأ: النصيحة غير صحيحة أو قد تضر. غير متأكد: يحتاج مراجعة مختص آخر.
A16: ملاحظات
... A24: التاريخ:

Sheet ملخص التقدم
A1: الورقة | B1: عدد البنود | C1: صحيحة | D1: تحتاج تعديل | E1: خطأ | F1: غير متأكد | G1: لم تُراجع
A2: الملابس الخليجية | B2: =ROWS('الملابس الخليجية'!F3:F45) | C2: =COUNTIF('الملابس الخليجية'!F3:F45,"صحيحة") | D2: =COUNTIF('الملابس الخليجية'!F3:F45,"تحتاج تعديل") | E2: =COUNTIF('الملابس الخليجية'!F3:F45,"خطأ") | F2: =COUNTIF('الملابس الخليجية'!F3:F45,"غير متأكد") | G2: =B2-SUM(C2:F2)
A3: إزالة البقع | B3: =ROWS('إزالة البقع'!F3:F63) | C3: =COUNTIF('إزالة البقع'!F3:F63,"صحيحة") | D3: =COUNTIF('إزالة البقع'!F3:F63,"تحتاج تعديل") | E3: =COUNTIF('إزالة البقع'!F3:F63,"خطأ") | F3: =COUNTIF('إزالة البقع'!F3:F63,"غير متأكد") | G3: =B3-SUM(C3:F3)
A4: رموز الغسيل | B4: =ROWS('رموز الغسيل'!F3:F22) | C4: =COUNTIF('رموز الغسيل'!F3:F22,"صحيحة") | D4: =COUNTIF('رموز الغسيل'!F3:F22,"تحتاج تعديل") | E4: =COUNTIF('رموز الغسيل'!F3:F22,"خطأ") | F4: =COUNTIF('رموز الغسيل'!F3:F22,"غير متأكد") | G4: =B4-SUM(C4:F4)
A5: الغسالات والمجففات | B5: =ROWS('الغسالات والمجففات'!F3:F122) | C5: =COUNTIF('الغسالات والمجففات'!F3:F122,"صحيحة") | D5: =COUNTIF('الغسالات والمجففات'!F3:F122,"تحتاج تعديل") | E5: =COUNTIF('الغسالات والمجففات'!F3:F122,"خطأ") | F5: =COUNTIF('الغسالات والمجففات'!F3:F122,"غير متأكد") | G5: =B5-SUM(C5:F5)
A6: القطع | B6: =ROWS('القطع'!F3:F73) | C6: =COUNTIF('القطع'!F3:F73,"صحيحة") | D6: =COUNTIF('القطع'!F3:F73,"تحتاج تعديل") | E6: =COUNTIF('القطع'!F3:F73,"خطأ") | F6: =COUNTIF('القطع'!F3:F73,"غير متأكد") | G6: =B6-SUM(C6:F6)
A7: الأقمشة | B7: =ROWS('الأقمشة'!F3:F55) | C7: =COUNTIF('الأقمشة'!F3:F55,"صحيحة") | D7: =COUNTIF('الأقمشة'!F3:F55,"تحتاج تعديل") | E7: =COUNTIF('الأقمشة'!F3:F55,"خطأ") | F7: =COUNTIF('الأقمشة'!F3:F55,"غير متأكد") | G7: =B7-SUM(C7:F7)
A8: الألوان | B8: =ROWS('الألوان'!F3:F7) | C8: =COUNTIF('الألوان'!F3:F7,"صحيحة") | D8: =COUNTIF('الألوان'!F3:F7,"تحتاج تعديل") | E8: =COUNTIF('الألوان'!F3:F7,"خطأ") | F8: =COUNTIF('الألوان'!F3:F7,"غير متأكد") | G8: =B8-SUM(C8:F8)
A9: قواعد الغسيل الأساسية | B9: =ROWS('قواعد الغسيل الأساسية'!F3:F13) | C9: =COUNTIF('قواعد الغسيل الأساسية'!F3:F13,"صحيحة") | D9: =COUNTIF('قواعد الغسيل الأساسية'!F3:F13,"تحتاج تعديل") | E9: =COUNTIF('قواعد الغسيل الأساسية'!F3:F13,"خطأ") | F9: =COUNTIF('قواعد الغسيل الأساسية'!F3:F13,"غير متأكد") | G9: =B9-SUM(C9:F9)
A10: المنظفات والمنعّمات | B10: =ROWS('المنظفات والمنعّمات'!F3:F14) | C10: =COUNTIF('المنظفات والمنعّمات'!F3:F14,"صحيحة") | D10: =COUNTIF('المنظفات والمنعّمات'!F3:F14,"تحتاج تعديل") | E10: =COUNTIF('المنظفات والمنعّمات'!F3:F14,"خطأ") | F10: =COUNTIF('المنظفات والمنعّمات'!F3:F14,"غير متأكد") | G10: =B10-SUM(C10:F10)
A11: المنتجات | B11: =ROWS('المنتجات'!F3:F46) | C11: =COUNTIF('المنتجات'!F3:F46,"صحيحة") | D11: =COUNTIF('المنتجات'!F3:F46,"تحتاج تعديل") | E11: =COUNTIF('المنتجات'!F3:F46,"خطأ") | F11: =COUNTIF('المنتجات'!F3:F46,"غير متأكد") | G11: =B11-SUM(C11:F11)
A12: رسائل وتنبيهات | B12: =ROWS('رسائل وتنبيهات'!F3:F12) | C12: =COUNTIF('رسائل وتنبيهات'!F3:F12,"صحيحة") | D12: =COUNTIF('رسائل وتنبيهات'!F3:F12,"تحتاج تعديل") | E12: =COUNTIF('رسائل وتنبيهات'!F3:F12,"خطأ") | F12: =COUNTIF('رسائل وتنبيهات'!F3:F12,"غير متأكد") | G12: =B12-SUM(C12:F12)
A13: النصوص القانونية | B13: =ROWS('النصوص القانونية'!F3:F11) | C13: =COUNTIF('النصوص القانونية'!F3:F11,"صحيحة") | D13: =COUNTIF('النصوص القانونية'!F3:F11,"تحتاج تعديل") | E13: =COUNTIF('النصوص القانونية'!F3:F11,"خطأ") | F13: =COUNTIF('النصوص القانونية'!F3:F11,"غير متأكد") | G13: =B13-SUM(C13:F13)
A14: المجموع | B14: =SUM(B2:B13) | C14: =SUM(C2:C13) | D14: =SUM(D2:D13) | E14: =SUM(E2:E13) | F14: =SUM(F2:F13) | G14: =SUM(G2:G13)

Sheet الملابس الخليجية
A1: المراجع المناسب: عامل مغسلة أو خيّاط يعرف الملابس الخليجية
A2: الرقم المرجعي | B2: القسم | C2: العنصر | D2: النص بالعربية | E2: النص بالإنجليزية | F2: التقييم | G2: التصحيح المقترح | H2: المصدر / المرجع | I2: ملاحظات المراجع
A3: dishdasha-white.fabric | B3: القماش المعتاد | C3: دشداشة بيضاء | D3: يُصنع غالبًا من البوليستر أو من خليط القطن والبوليستر. تأكد من ذلك في ملصق العناية. | E3: Often polyester or a cotton-polyester blend. Check the label.
A4: dishdasha-white.tip1 | B4: نصيحة | C4: دشداشة بيضاء | D4: اغسلها وحدها أو مع الملابس البيضاء فقط، حتى لا تتلوّن بغيرها. | E4: Wash alone or with whites only so it does not pick up colour.
A5: dishdasha-white.tip2 | B5: نصيحة | C5: دشداشة بيضاء | D5: عالج الياقة والأكمام قبل الغسيل: ضع قليلًا من المنظف على المواضع المتسخة وافركها برفق، واتركها ١٥ دقيقة. | E5: Pre-treat collar and cuffs: rub in a little detergent and leave 15 minutes.
A6: dishdasha-white.tip3 | B6: نصيحة | C6: دشداشة بيضاء | D6: إن ظهر اصفرار بسبب العرق أو الغبار، فانقعها في ماء فاتر مع مبيّض أكسجين، ثم اغسلها. | E6: For yellowing from sweat or dust: soak in lukewarm water with an oxygen-based whitener, then wash.
A7: dishdasha-white.tip4 | B7: نصيحة | C7: دشداشة بيضاء | D7: اكوِها وهي رطبة قليلًا على حرارة متوسطة، فتزول التجاعيد بسهولة. | E7: Iron while slightly damp on medium heat; creases come out easily.
A8: dishdasha-white.avoid1 | B8: تجنّب | C8: دشداشة بيضاء | D8: لا تستخدم مبيّض الكلور على الأقمشة الصناعية أو المطرّزة، فقد يصفرّ لونها. | E8: Avoid chlorine bleach on synthetic or embroidered fabric; it can yellow it.
A9: dishdasha-white.avoid2 | B9: تجنّب | C9: دشداشة بيضاء | D9: لا تتركها مبلّلة في سلة الغسيل. | E9: Do not leave it damp in the laundry basket.
A10: dishdasha-colour.fabric | B10: القماش المعتاد | C10: دشداشة ملوّنة | D10: يُصنع غالبًا من خليط صناعي، وقد يسيل بعض لونه في الغسلات الأولى. | E10: Often a synthetic blend. Some dye may bleed in the first washes.
A11: dishdasha-colour.tip1 | B11: نصيحة | C11: دشداشة ملوّنة | D11: اغسلها مقلوبة بماء بارد أو فاتر، مع منظف مخصص للملابس الملوّنة. | E11: Wash inside out in cold to lukewarm water with a colour-safe detergent.
A12: dishdasha-colour.tip2 | B12: نصيحة | C12: دشداشة ملوّنة | D12: اغسلها وحدها في أول مرة، فقد يسيل منها اللون. | E12: Wash it alone the first time; dye may bleed.
A13: dishdasha-colour.tip3 | B13: نصيحة | C13: دشداشة ملوّنة | D13: جفّفها في الظل، فالشمس المباشرة تُبهت الألوان. | E13: Dry in the shade. Direct sun fades colour.
A14: dishdasha-colour.avoid1 | B14: تجنّب | C14: دشداشة ملوّنة | D14: لا تستخدم المبيّض. | E14: Do not use bleach.
... A45: shayla.avoid1 | B45: تجنّب | C45: شيلة / حجاب شيفون | D45: لا تغسلها مع ملابس فيها سحّابات أو أزرار. | E45: Do not wash with items that have zips or buttons.

Sheet إزالة البقع
A1: المراجع المناسب: مختص تنظيف ملابس / مغسلة
A2: الرقم المرجعي | B2: القسم | C2: العنصر | D2: النص بالعربية | E2: النص بالإنجليزية | F2: التقييم | G2: التصحيح المقترح | H2: المصدر / المرجع | I2: ملاحظات المراجع
A3: coffee-tea.sturdy1 | B3: قماش متين (قطن، جينز، بوليستر…) | C3: قهوة أو شاي | D3: امسح الزائد بقطعة قماش نظيفة دون فرك. | E3: Blot the excess with a clean cloth; do not rub.
A4: coffee-tea.sturdy2 | B4: قماش متين (قطن، جينز، بوليستر…) | C4: قهوة أو شاي | D4: اشطف البقعة بماء بارد من الجهة الخلفية للقماش. | E4: Rinse from the back of the fabric with cold water.
A5: coffee-tea.sturdy3 | B5: قماش متين (قطن، جينز، بوليستر…) | C5: قهوة أو شاي | D5: ضع قليلًا من المنظف على البقعة وافركها برفق، ثم اتركها ١٠ دقائق. | E5: Work in a little detergent and leave 10 minutes.
A6: coffee-tea.sturdy4 | B6: قماش متين (قطن، جينز، بوليستر…) | C6: قهوة أو شاي | D6: اغسلها على البرنامج المعتاد. وللقطن الأبيض يمكنك نقعه في مبيّض أكسجين. | E6: Wash as usual. For white cotton you can soak in an oxygen-based whitener.
A7: coffee-tea.delicate1 | B7: قماش رقيق أو غير معروف | C7: قهوة أو شاي | D7: امسح الزائد برفق ودون فرك. | E7: Blot the excess gently, no rubbing.
A8: coffee-tea.delicate2 | B8: قماش رقيق أو غير معروف | C8: قهوة أو شاي | D8: اشطف بماء بارد من الجهة الخلفية للقماش. | E8: Rinse with cold water from the back.
A9: coffee-tea.delicate3 | B9: قماش رقيق أو غير معروف | C9: قهوة أو شاي | D9: وإن بقي أثر للبقعة، فالأسلم أخذها إلى التنظيف الجاف. | E9: If a mark remains, taking it to a dry cleaner is the safer choice.
A10: coffee-tea.avoid1 | B10: تجنّب | C10: قهوة أو شاي | D10: لا تستخدم الماء الساخن ولا المجفف قبل زوال البقعة. | E10: No hot water or dryer until the stain is gone.
A11: oil-ghee.sturdy1 | B11: قماش متين (قطن، جينز، بوليستر…) | C11: زيت أو سمن | D11: امسح الزائد بقطعة قماش نظيفة. | E11: Blot the excess with a clean cloth.
A12: oil-ghee.sturdy2 | B12: قماش متين (قطن، جينز، بوليستر…) | C12: زيت أو سمن | D12: انثر بيكربونات الصودا أو نشا الذرة على البقعة، واتركها من ٢٠ إلى ٣٠ دقيقة ليمتصّ الدهن. | E12: Sprinkle baking soda or cornstarch on it and leave 20 to 30 minutes to absorb the grease.
A13: oil-ghee.sturdy3 | B13: قماش متين (قطن، جينز، بوليستر…) | C13: زيت أو سمن | D13: انفض المسحوق، ثم افرك البقعة بقليل من سائل غسل الصحون. | E13: Brush it off, then gently rub in a little dish soap.
A14: oil-ghee.sturdy4 | B14: قماش متين (قطن، جينز، بوليستر…) | C14: زيت أو سمن | D14: اغسلها بأدفأ ماء يسمح به الملصق، وتأكد من زوال البقعة قبل التجفيف. | E14: Wash in the warmest water the label allows. Check the stain is gone before drying.
... A63: mud-dust.avoid1 | B63: تجنّب | C63: طين أو غبار | D63: لا تفرك الطين وهو رطب، فالفرك يدخله في الألياف. | E63: Do not rub wet mud; it pushes into the fibres.

Sheet رموز الغسيل
A1: المراجع المناسب: مختص أقمشة (مرجع: معيار رموز العناية الدولي)
A2: الرقم المرجعي | B2: القسم | C2: العنصر | D2: النص بالعربية | E2: النص بالإنجليزية | F2: التقييم | G2: التصحيح المقترح | H2: المصدر / المرجع | I2: ملاحظات المراجع
A3: symbol1 | B3: wash | C3: المستوى 30 | D3: غسيل آلي حتى 30°م | E3: Machine wash up to 30°C
A4: symbol2 | B4: wash | C4: المستوى 40 | D4: غسيل آلي حتى 40°م | E4: Machine wash up to 40°C
A5: symbol3 | B5: wash | C5: المستوى 60 | D5: غسيل آلي حتى 60°م | E5: Machine wash up to 60°C
A6: symbol4 | B6: gentle | C6: المستوى - | D6: برنامج لطيف (الخط تحت الرمز) | E6: Gentle cycle (the line under the symbol)
A7: symbol5 | B7: handwash | C7: المستوى - | D7: غسيل يدوي فقط | E7: Hand wash only
A8: symbol6 | B8: nowash (ممنوع) | C8: المستوى - | D8: لا تُغسل بالماء | E8: Do not wash
A9: symbol7 | B9: bleach | C9: المستوى - | D9: يُسمح بالمبيّض | E9: Bleach allowed
A10: symbol8 | B10: bleach_oxygen | C10: المستوى - | D10: مبيّض غير كلوري فقط | E10: Non-chlorine bleach only
A11: symbol9 | B11: nobleach (ممنوع) | C11: المستوى - | D11: لا تستخدم المبيّض | E11: Do not bleach
A12: symbol10 | B12: tumble | C12: المستوى - | D12: يُسمح بالتجفيف الآلي | E12: Tumble dry allowed
A13: symbol11 | B13: notumble (ممنوع) | C13: المستوى - | D13: لا تجفّفها في المجفف الآلي | E13: Do not tumble dry
A14: symbol12 | B14: iron | C14: المستوى 1 | D14: كيّ على حرارة منخفضة (حتى 110°م) | E14: Iron on low heat (up to 110°C)
... A22: symbol20 | B22: dryflat | C22: المستوى - | D22: جفّفها مفروشة أفقيًا | E22: Dry flat

Sheet الغسالات والمجففات
A1: المراجع المناسب: فني أجهزة منزلية
A2: الرقم المرجعي | B2: القسم | C2: العنصر | D2: النص بالعربية | E2: النص بالإنجليزية | F2: التقييم | G2: التصحيح المقترح | H2: المصدر / المرجع | I2: ملاحظات المراجع
A3: front-load.how | B3: غسالة: كيف تعمل | C3: غسالة تحميل أمامي | D3: بابها في الواجهة وأسطوانتها أفقية، وتدور الملابس داخل الماء وترتفع ثم تسقط برفق. | E3: Door on the front, horizontal drum; clothes are lifted and dropped through the water.
A4: front-load.pro1 | B4: غسالة: ميزة | C4: غسالة تحميل أمامي | D4: ألطف على الأقمشة وتوفّر في الماء والكهرباء | E4: Gentler on fabric and uses less water and power
A5: front-load.pro2 | B5: غسالة: ميزة | C5: غسالة تحميل أمامي | D5: عصرها أقوى، فيجف الغسيل أسرع | E5: Stronger spin, so clothes come out drier
A6: front-load.pro3 | B6: غسالة: ميزة | C6: غسالة تحميل أمامي | D6: يمكن تركيب مجفف فوقها لتوفير المساحة | E6: Can be stacked under a dryer
A7: front-load.con1 | B7: غسالة: عيب | C7: غسالة تحميل أمامي | D7: سعرها أعلى وبرامجها أطول | E7: Costs more and cycles run longer
A8: front-load.con2 | B8: غسالة: عيب | C8: غسالة تحميل أمامي | D8: تحتاج إلى تنظيف إطار الباب بانتظام حتى لا تظهر الروائح | E8: The door seal needs cleaning to avoid odours
A9: front-load.best | B9: غسالة: الأنسب لـ | C9: غسالة تحميل أمامي | D9: الملابس اليومية والرقيقة (كالدشداشة والعباية)، ولمن يريد خفض فاتورة الماء والكهرباء | E9: Everyday and delicate clothes (dishdasha, abaya) and households that want lower bills
A10: front-load.maint1 | B10: غسالة: صيانة | C10: غسالة تحميل أمامي | D10: امسح إطار الباب المطاطي بعد الغسيل وأبقِ الباب مفتوحًا قليلًا ليجف | E10: Wipe the door seal after washing and leave the door ajar to dry
A11: front-load.maint2 | B11: غسالة: صيانة | C11: غسالة تحميل أمامي | D11: نظّف درج المنظفات شهريًا | E11: Clean the detergent drawer monthly
A12: front-load.maint3 | B12: غسالة: صيانة | C12: غسالة تحميل أمامي | D12: شغّل برنامج تنظيف الأسطوانة، أو غسلة فارغة بماء ساخن، كل شهر أو شهرين | E12: Run a drum-clean or hot empty cycle every month or two
A13: top-load-agitator.how | B13: غسالة: كيف تعمل | C13: غسالة تحميل علوي (بعمود تحريك) | D13: تُفتح من الأعلى، وفي وسطها عمود يحرّك الغسيل داخل الماء. | E13: Opens from the top; a central post agitates clothes through the water.
A14: top-load-agitator.pro1 | B14: غسالة: ميزة | C14: غسالة تحميل علوي (بعمود تحريك) | D14: برامجها أقصر وسعرها غالبًا أقل | E14: Shorter cycles and usually cheaper
... A122: general4 | B122: صيانة عامة | C122: كل الأجهزة | D122: إن ظهر عطل أو رمز خطأ، فراجع دليل الجهاز أو الوكيل المعتمد | E122: For faults or error codes, check the manual or the authorised dealer

Sheet القطع
A1: المراجع المناسب: مختص أقمشة أو مغسلة
A2: الرقم المرجعي | B2: القسم | C2: العنصر | D2: النص بالعربية | E2: النص بالإنجليزية | F2: التقييم | G2: التصحيح المقترح | H2: المصدر / المرجع | I2: ملاحظات المراجع
A3: dishdasha-white.rule | B3: الملابس الخليجية والتقليدية | C3: دشداشة بيضاء | D3: الأقمشة الشائعة: synthetic_blend، polyester، cotton | E3: Usual fabrics: synthetic_blend, polyester, cotton
A4: dishdasha-colour.rule | B4: الملابس الخليجية والتقليدية | C4: دشداشة ملوّنة | D4: الأقمشة الشائعة: synthetic_blend، polyester، cotton | E4: Usual fabrics: synthetic_blend, polyester, cotton
A5: abaya.rule | B5: الملابس الخليجية والتقليدية | C5: عباية | D5: الأقمشة الشائعة: polyester، nylon، viscose، silk | يُعامل برفق (برنامج رقيق، عصر منخفض، بلا مجفف) | E5: Usual fabrics: polyester, nylon, viscose, silk | يُعامل برفق (برنامج رقيق، عصر منخفض، بلا مجفف)
A6: shayla.rule | B6: الملابس الخليجية والتقليدية | C6: شيلة | D6: الأقمشة الشائعة: polyester، viscose، cotton | يُعامل برفق (برنامج رقيق، عصر منخفض، بلا مجفف) | E6: Usual fabrics: polyester, viscose, cotton | يُعامل برفق (برنامج رقيق، عصر منخفض، بلا مجفف)
A7: hijab.rule | B7: الملابس الخليجية والتقليدية | C7: حجاب / إيشارب | D7: الأقمشة الشائعة: viscose، polyester، cotton، silk | يُعامل برفق (برنامج رقيق، عصر منخفض، بلا مجفف) | E7: Usual fabrics: viscose, polyester, cotton, silk | يُعامل برفق (برنامج رقيق، عصر منخفض، بلا مجفف)
A8: ghutra.rule | B8: الملابس الخليجية والتقليدية | C8: غترة | D8: الأقمشة الشائعة: cotton، synthetic_blend | E8: Usual fabrics: cotton, synthetic_blend
A9: kumma.rule | B9: الملابس الخليجية والتقليدية | C9: كمّة | D9: الأقمشة الشائعة: cotton | يُعامل برفق (برنامج رقيق، عصر منخفض، بلا مجفف) | E9: Usual fabrics: cotton | يُعامل برفق (برنامج رقيق، عصر منخفض، بلا مجفف)
A10: mussar.rule | B10: الملابس الخليجية والتقليدية | C10: مصّر | D10: الأقمشة الشائعة: wool، cotton، cashmere | يُعامل برفق (برنامج رقيق، عصر منخفض، بلا مجفف) | E10: Usual fabrics: wool, cotton, cashmere | يُعامل برفق (برنامج رقيق، عصر منخفض، بلا مجفف)
A11: bisht.rule | B11: الملابس الخليجية والتقليدية | C11: بشت | D11: الأقمشة الشائعة: wool، silk، synthetic_blend | التنظيف الجاف هو الأنسب | E11: Usual fabrics: wool, silk, synthetic_blend | التنظيف الجاف هو الأنسب
A12: jalabiya.rule | B12: الملابس الخليجية والتقليدية | C12: جلابية / قفطان | D12: الأقمشة الشائعة: cotton، polyester، viscose | يُعامل برفق (برنامج رقيق، عصر منخفض، بلا مجفف) | E12: Usual fabrics: cotton, polyester, viscose | يُعامل برفق (برنامج رقيق، عصر منخفض، بلا مجفف)
A13: women-thobe.rule | B13: الملابس الخليجية والتقليدية | C13: ثوب نسائي مطرّز | D13: الأقمشة الشائعة: polyester، viscose، silk | يُعامل برفق (برنامج رقيق، عصر منخفض، بلا مجفف) · التنظيف الجاف هو الأنسب | E13: Usual fabrics: polyester, viscose, silk | يُعامل برفق (برنامج رقيق، عصر منخفض، بلا مجفف) · التنظيف الجاف هو الأنسب
A14: women-thobe.note | B14: الملابس الخليجية والتقليدية | C14: ثوب نسائي مطرّز | D14: التطريز والخرز يتلفان بسهولة في الغسالة. | E14: Embroidery and beads are easily damaged in a machine.
... A73: cap.note | B73: الإكسسوارات | C73: قبعة / كاب | D73: يفضّل الغسل اليدوي، وجفّفها على شكل قالب حتى تحتفظ بشكلها. | E73: Hand wash if you can, and dry it on a form to keep its shape.

Sheet الأقمشة
A1: المراجع المناسب: مهندس نسيج أو مختص أقمشة
A2: الرقم المرجعي | B2: القسم | C2: العنصر | D2: النص بالعربية | E2: النص بالإنجليزية | F2: التقييم | G2: التصحيح المقترح | H2: المصدر / المرجع | I2: ملاحظات المراجع
A3: cotton | B3: القطن ومشتقاته | C3: قطن صافي (١٠٠٪ قطن) | D3: يُعامل كقماش من نوع: cotton | E3: Treated as: cotton
A4: cotton_egyptian | B4: القطن ومشتقاته | C4: قطن مصري / بيما | D4: يُعامل كقماش من نوع: cotton | E4: Treated as: cotton
A5: cotton_organic | B5: القطن ومشتقاته | C5: قطن عضوي | D5: يُعامل كقماش من نوع: cotton | E5: Treated as: cotton
A6: cotton_poly | B6: القطن ومشتقاته | C6: قطن مخلوط بالبوليستر | D6: يُعامل كقماش من نوع: synthetic_blend | E6: Treated as: synthetic_blend
A7: cotton_stretch | B7: القطن ومشتقاته | C7: قطن مع إيلاستين (ستريتش) | D7: يُعامل كقماش من نوع: synthetic_blend | E7: Treated as: synthetic_blend
A8: jersey | B8: القطن ومشتقاته | C8: جيرسيه (قطن محبوك) | D8: يُعامل كقماش من نوع: cotton | E8: Treated as: cotton
A9: poplin | B9: القطن ومشتقاته | C9: بوبلين | D9: يُعامل كقماش من نوع: cotton | E9: Treated as: cotton
A10: flannel | B10: القطن ومشتقاته | C10: فلانيل | D10: يُعامل كقماش من نوع: cotton | E10: Treated as: cotton
A11: corduroy | B11: القطن ومشتقاته | C11: كوردروي (قطيفة مضلّعة) | D11: يُعامل كقماش من نوع: cotton | E11: Treated as: cotton
A12: terry | B12: القطن ومشتقاته | C12: قطن منشفي (تيري) | D12: يُعامل كقماش من نوع: cotton | E12: Treated as: cotton
A13: denim | B13: القطن ومشتقاته | C13: جينز (دنيم) | D13: يُعامل كقماش من نوع: denim | E13: Treated as: denim
A14: denim_stretch | B14: القطن ومشتقاته | C14: جينز ستريتش | D14: يُعامل كقماش من نوع: denim | E14: Treated as: denim
... A55: faux_leather | B55: أقمشة خاصة | C55: جلد صناعي | D55: يُعامل كقماش من نوع: unknown (لا يُغسل بالغسالة) | E55: Treated as: unknown (not machine washable)

Sheet الألوان
A1: المراجع المناسب: مختص تنظيف ملابس
A2: الرقم المرجعي | B2: القسم | C2: العنصر | D2: النص بالعربية | E2: النص بالإنجليزية | F2: التقييم | G2: التصحيح المقترح | H2: المصدر / المرجع | I2: ملاحظات المراجع
A3: white | B3: بلا حد إضافي | C3: أبيض | D3: اغسله مع الملابس البيضاء فقط حتى لا يتلوّن بغيره. | E3: Wash with whites only so it does not pick up colour.
A4: light | B4: حرارة لا تتجاوز 40°م | C4: فاتح (كريمي، بيج، باستيل) | D4: اغسله مع الملابس ذات الألوان الفاتحة فقط. | E4: Wash with light colours only.
A5: dark | B5: حرارة لا تتجاوز 30°م | C5: داكن (أسود، كحلي، رمادي غامق) | D5: اغسله مقلوبًا مع الملابس الداكنة، وجفّفه بعيدًا عن الشمس المباشرة كي لا يبهت. | E5: Turn it inside out, wash with darks and dry away from direct sun so it does not fade.
A6: bright | B6: حرارة لا تتجاوز 30°م | C6: ألوان زاهية (أحمر، أزرق ساطع، أخضر) | D6: اغسله وحده في الغسلات الأولى فقد يسيل لونه، ولا تتركه منقوعًا طويلًا. ورقة حماية الألوان تفيد. | E6: Wash it alone for the first washes as the dye can run, and do not soak it long. A colour-catcher sheet helps.
A7: multi | B7: حرارة لا تتجاوز 30°م | C7: متعدد الألوان أو مطبوع | D7: اغسله بماء بارد مع ألوان مشابهة، ويُفضَّل استخدام ورقة حماية الألوان. | E7: Wash cold with similar colours; a colour-catcher sheet is wise.

Sheet قواعد الغسيل الأساسية
A1: المراجع المناسب: مختص أقمشة — الأهم لسلامة الملابس
A2: الرقم المرجعي | B2: القسم | C2: العنصر | D2: النص بالعربية | E2: النص بالإنجليزية | F2: التقييم | G2: التصحيح المقترح | H2: المصدر / المرجع | I2: ملاحظات المراجع
A3: rule.cotton | B3: الإعداد الافتراضي لكل قماش | C3: cotton | D3: البرنامج: القطن | الحرارة: 40°م | العصر: مرتفع | مجفف: مسموح | الكي: مرتفع | مبيّض: ممنوع | E3: program cottons; 40°C; spin high; tumble true; iron high; bleach false
A4: rule.linen | B4: الإعداد الافتراضي لكل قماش | C4: linen | D4: البرنامج: القطن | الحرارة: 40°م | العصر: متوسط | مجفف: ممنوع | الكي: مرتفع | مبيّض: ممنوع | E4: program cottons; 40°C; spin medium; tumble false; iron high; bleach false
A5: rule.wool | B5: الإعداد الافتراضي لكل قماش | C5: wool | D5: البرنامج: الصوف | الحرارة: 30°م | العصر: منخفض | مجفف: ممنوع | الكي: منخفض | مبيّض: ممنوع | E5: program wool; 30°C; spin low; tumble false; iron low; bleach false
A6: rule.silk | B6: الإعداد الافتراضي لكل قماش | C6: silk | D6: البرنامج: الأقمشة الحساسة | الحرارة: 30°م | العصر: منخفض | مجفف: ممنوع | الكي: منخفض | مبيّض: ممنوع | E6: program delicate; 30°C; spin low; tumble false; iron low; bleach false
A7: rule.polyester | B7: الإعداد الافتراضي لكل قماش | C7: polyester | D7: البرنامج: الأقمشة الصناعية | الحرارة: 40°م | العصر: متوسط | مجفف: ممنوع | الكي: منخفض | مبيّض: ممنوع | E7: program synthetics; 40°C; spin medium; tumble false; iron low; bleach false
A8: rule.nylon | B8: الإعداد الافتراضي لكل قماش | C8: nylon | D8: البرنامج: الأقمشة الصناعية | الحرارة: 30°م | العصر: منخفض | مجفف: ممنوع | الكي: منخفض | مبيّض: ممنوع | E8: program synthetics; 30°C; spin low; tumble false; iron low; bleach false
A9: rule.denim | B9: الإعداد الافتراضي لكل قماش | C9: denim | D9: البرنامج: القطن | الحرارة: 30°م | العصر: متوسط | مجفف: ممنوع | الكي: متوسط | مبيّض: ممنوع | E9: program cottons; 30°C; spin medium; tumble false; iron medium; bleach false
A10: rule.cashmere | B10: الإعداد الافتراضي لكل قماش | C10: cashmere | D10: البرنامج: يدوي | الحرارة: 30°م | العصر: بدون | مجفف: ممنوع | الكي: منخفض | مبيّض: ممنوع | E10: program hand_wash; 30°C; spin none; tumble false; iron low; bleach false
A11: rule.viscose | B11: الإعداد الافتراضي لكل قماش | C11: viscose | D11: البرنامج: الأقمشة الحساسة | الحرارة: 30°م | العصر: منخفض | مجفف: ممنوع | الكي: منخفض | مبيّض: ممنوع | E11: program delicate; 30°C; spin low; tumble false; iron low; bleach false
A12: rule.synthetic_blend | B12: الإعداد الافتراضي لكل قماش | C12: synthetic_blend | D12: البرنامج: الأقمشة الصناعية | الحرارة: 40°م | العصر: متوسط | مجفف: ممنوع | الكي: منخفض | مبيّض: ممنوع | E12: program synthetics; 40°C; spin medium; tumble false; iron low; bleach false
A13: rule.unknown | B13: الإعداد الافتراضي لكل قماش | C13: unknown | D13: البرنامج: الأقمشة الحساسة | الحرارة: 30°م | العصر: منخفض | مجفف: ممنوع | الكي: منخفض | مبيّض: ممنوع | E13: program delicate; 30°C; spin low; tumble false; iron low; bleach false

Sheet المنظفات والمنعّمات
A1: المراجع المناسب: مختص تنظيف ملابس أو كيميائي منظفات
A2: الرقم المرجعي | B2: القسم | C2: العنصر | D2: النص بالعربية | E2: النص بالإنجليزية | F2: التقييم | G2: التصحيح المقترح | H2: المصدر / المرجع | I2: ملاحظات المراجع
A3: advice.حرير + مسحوق | B3: حالة افتراضية | C3: حرير + مسحوق | D3: ⚠ المساحيق والمنظفات الإنزيمية قد تتلف الحرير والصوف وتجعلهما خشنين. الأنسب غسول مخصص للأقمشة الرقيقة (أو للصوف). | E3: ⚠ Powders and enzyme detergents can damage silk and wool and leave them rough. A delicate wash (or wool wash) is the better choice.
A4: advice.حرير + منظف بالإنزيمات | B4: حالة افتراضية | C4: حرير + منظف بالإنزيمات | D4: ⚠ المساحيق والمنظفات الإنزيمية قد تتلف الحرير والصوف وتجعلهما خشنين. الأنسب غسول مخصص للأقمشة الرقيقة (أو للصوف). | E4: ⚠ Powders and enzyme detergents can damage silk and wool and leave them rough. A delicate wash (or wool wash) is the better choice.
A5: advice.حرير + غسول رقيق | B5: حالة افتراضية | C5: حرير + غسول رقيق | D5: ✔ منظفك الحالي مناسب لهذا القماش الرقيق. | E5: ✔ What you use suits this delicate fabric.
A6: advice.صوف + منظف سائل فقط | B6: حالة افتراضية | C6: صوف + منظف سائل فقط | D6: ⚠ منظفك قد يناسب قطعًا عادية، لكن لهذا القماش الرقيق الأفضل غسول مخصص للأقمشة الرقيقة. | E6: ⚠ What you use may be fine for everyday items, but for this delicate fabric a dedicated delicate wash is better.
A7: advice.قطن داكن + مسحوق | B7: حالة افتراضية | C7: قطن داكن + مسحوق | D7: ⚠ المسحوق والمنظف المخصص للأبيض قد يبهّتان الألوان أو يتركان أثرًا أبيض على الداكن. الأنسب منظف سائل أو مخصص للألوان. | E7: ⚠ Powder and detergents made for whites can fade colours or leave white marks on darks. A liquid or colour-care detergent is better.
A8: advice.قطن داكن + سائل | B8: حالة افتراضية | C8: قطن داكن + سائل | D8: ✔ المنظف السائل أو المخصص للألوان مناسب لهذه القطعة الملوّنة. | E8: ✔ A liquid or colour-care detergent suits this coloured item.
A9: advice.قطن أبيض + مسحوق | B9: حالة افتراضية | C9: قطن أبيض + مسحوق | D9: ✔ منظفك مناسب للملابس البيضاء. | E9: ✔ What you use is fine for whites.
A10: advice.ملابس رضّع + منظف عادي | B10: حالة افتراضية | C10: ملابس رضّع + منظف عادي | D10: ⚠ لملابس الرضّع يُفضَّل منظف لطيف خالٍ من العطور. | E10: ⚠ For baby clothes a mild, fragrance-free detergent is best.
A11: advice.ملابس رضّع + منظف أطفال | B11: حالة افتراضية | C11: ملابس رضّع + منظف أطفال | D11: ✔ منظف الأطفال الذي تستخدمه مناسب لهذه القطعة. | E11: ✔ Your baby detergent suits this item.
A12: advice.ملابس رياضية + منعّم | B12: حالة افتراضية | C12: ملابس رياضية + منعّم | D12: ⚠ تجنّب المنعّم مع هذه القطعة، فهو يقلل الامتصاص أو العزل أو يحبس الرائحة. | E12: ⚠ Skip the softener with this item: it reduces absorbency or water repellency, or traps odour.
A13: advice.مناشف + منعّم | B13: حالة افتراضية | C13: مناشف + منعّم | D13: ⚠ تجنّب المنعّم مع هذه القطعة، فهو يقلل الامتصاص أو العزل أو يحبس الرائحة. | E13: ⚠ Skip the softener with this item: it reduces absorbency or water repellency, or traps odour.
A14: advice.منظف يدوي فقط في الغسالة | B14: حالة افتراضية | C14: منظف يدوي فقط في الغسالة | D14: ⚠ منظفاتك المذكورة للغسيل اليدوي، ورغوتها كثيرة وقد تضر بالغسالة. استخدم منظفًا مخصصًا للغسالات عند الغسيل الآلي. | E14: ⚠ The products you listed are for hand washing and foam heavily, which can trouble a machine. Use a machine detergent for machine washing.

Sheet المنتجات
A1: المراجع المناسب: مختص منتجات التنظيف
A2: الرقم المرجعي | B2: القسم | C2: العنصر | D2: النص بالعربية | E2: النص بالإنجليزية | F2: التقييم | G2: التصحيح المقترح | H2: المصدر / المرجع | I2: ملاحظات المراجع
A3: p-detergent-gentle.about | B3: الوصف | C3: منظف لطيف (للتجربة) | D3: منظف لطيف للغسيل اليومي، يناسب القطن والأقمشة الصناعية. | E3: A mild detergent for everyday washing of cotton and synthetics.
A4: p-detergent-gentle.use1 | B4: طريقة الاستخدام | C4: منظف لطيف (للتجربة) | D4: اتبع الجرعة المكتوبة على العبوة بحسب حجم الحمولة ودرجة اتساخها. | E4: Follow the dose on the pack for your load size and how dirty it is.
A5: p-detergent-gentle.use2 | B5: طريقة الاستخدام | C5: منظف لطيف (للتجربة) | D5: ضعه في الدرج المخصص للمنظف في الغسالة. | E5: Put it in the detergent drawer of your machine.
A6: p-detergent-gentle.use3 | B6: طريقة الاستخدام | C6: منظف لطيف (للتجربة) | D6: لا تزد الجرعة، فالزيادة تترك رواسب وروائح. | E6: Do not overdose: extra leaves residue and odours.
A7: p-detergent-gentle.fabrics | B7: يناسب الأقمشة | C7: منظف لطيف (للتجربة) | D7: cotton، linen، denim، polyester، nylon، synthetic_blend، viscose | E7: cotton, linen, denim, polyester, nylon, synthetic_blend, viscose
A8: p-delicate-wash.about | B8: الوصف | C8: غسول الأقمشة الرقيقة (للتجربة) | D8: غسول مخصص للحرير والفيسكوز والأقمشة الرقيقة. | E8: A wash made for silk, viscose and other delicate fabrics.
A9: p-delicate-wash.use1 | B9: طريقة الاستخدام | C9: غسول الأقمشة الرقيقة (للتجربة) | D9: اغسل على برنامج الأقمشة الحساسة أو يدويًا بماء بارد. | E9: Wash on a delicate programme or by hand in cold water.
A10: p-delicate-wash.use2 | B10: طريقة الاستخدام | C10: غسول الأقمشة الرقيقة (للتجربة) | D10: استخدم كمية قليلة بحسب تعليمات العبوة. | E10: Use a small amount as the pack says.
A11: p-delicate-wash.use3 | B11: طريقة الاستخدام | C11: غسول الأقمشة الرقيقة (للتجربة) | D11: اشطف القطعة جيدًا. | E11: Rinse the item thoroughly.
A12: p-delicate-wash.fabrics | B12: يناسب الأقمشة | C12: غسول الأقمشة الرقيقة (للتجربة) | D12: silk، viscose، cashmere | E12: silk, viscose, cashmere
A13: p-wool-wash.about | B13: الوصف | C13: غسول الصوف (للتجربة) | D13: غسول بتركيبة لطيفة للصوف والكشمير. | E13: A gentle formula for wool and cashmere.
A14: p-wool-wash.use1 | B14: طريقة الاستخدام | C14: غسول الصوف (للتجربة) | D14: اغسل بماء بارد على برنامج الصوف أو يدويًا. | E14: Wash in cold water on the wool programme or by hand.
... A46: p-colour-catcher.fabrics | B46: يناسب الأقمشة | C46: مانع انتقال الألوان (للتجربة) | D46: cotton، denim، polyester، synthetic_blend | E46: cotton, denim, polyester, synthetic_blend

Sheet رسائل وتنبيهات
A1: المراجع المناسب: أي مراجع
A2: الرقم المرجعي | B2: القسم | C2: العنصر | D2: النص بالعربية | E2: النص بالإنجليزية | F2: التقييم | G2: التصحيح المقترح | H2: المصدر / المرجع | I2: ملاحظات المراجع
A3: plan.dryclean | B3: ملاحظة تُضاف إلى الخطة | C3: قطعة يُفضَّل تنظيفها جافًا | D3: التنظيف الجاف هو الأنسب لهذه القطعة. وإن كان الملصق يسمح بالغسل فاتبعه بدقة. | E3: Dry cleaning is the safe choice for this garment. If the label allows washing, follow it exactly.
A4: plan.noMachine | B4: ملاحظة تُضاف إلى الخطة | C4: جلد أو سويد | D4: لا يُغسل الجلد والسويد في الغسالة. نظّفهما عند مختص أو بمنتج مخصص لهما. | E4: Leather and suede are not machine washable. Use a specialist cleaner or a dedicated product.
A5: plan.stains | B5: ملاحظة تُضاف إلى الخطة | C5: وجود بقع | D5: عالج البقع قبل الغسيل (الخطوات أدناه)، ولا تعرّض القطعة للحرارة قبل أن تزول البقع تمامًا. | E5: Treat the stains before washing (steps below) and do not heat-dry until they are fully gone.
A6: plan.unknownColour | B6: ملاحظة تُضاف إلى الخطة | C6: لون كتبه المستخدم | D6: لا نعرف لون القطعة بالضبط، فعاملناها معاملة الألوان الزاهية احتياطًا. | E6: We do not know the exact colour, so we treated it like a strong dye to be safe.
A7: guide.delicateWarn | B7: نص في التطبيق | C7: تنبيه قماش رقيق | D7: القماش رقيق أو غير معروف: تعامل معه بلطف شديد، والتنظيف الجاف أسلم. | E7: Delicate or unknown fabric: be extra gentle. Dry cleaning is the safe choice.
A8: guide.testFirst | B8: نص في التطبيق | C8: تنبيه التجربة | D8: جرّب أي منتج على مكان خفي أولًا. | E8: Test any product on a hidden spot first.
A9: result.lowConfidence | B9: نص في التطبيق | C9: ثقة منخفضة | D9: لسنا متأكدين تمامًا، فراجع ملصق العناية قبل الغسل. | E9: We are not fully sure. Check the care label before washing.
A10: result.otherStainBody | B10: نص في التطبيق | C10: بقعة أخرى | D10: امسحها برفق دون فرك، ثم اشطفها بماء بارد من الجهة الخلفية للقماش، وجرّب أي منتج على مكان خفي أولًا. وإن كان القماش رقيقًا أو بقي أثر للبقعة، فالأفضل أخذها إلى التنظيف الجاف. | E10: Blot gently without rubbing, rinse with cold water from the back, and test any product on a hidden spot first. If the fabric is delicate, or the mark stays, take it to a dry cleaner.
A11: settings.disclaimer | B11: نص في التطبيق | C11: تنبيه في الإعدادات | D11: النصائح للإرشاد فقط، والمرجع الأول دائمًا ملصق العناية في القطعة. | E11: Advice is guidance only. Always follow the care label on your garment.
A12: guide.checkLabel | B12: نص في التطبيق | C12: تنبيه أسفل صفحات الدليل | D12: هذه نصائح عامة، والمرجع الأول دائمًا ملصق العناية في قطعتك. | E12: General advice. Always follow your garment's own care label first.

Sheet النصوص القانونية
A1: المراجع المناسب: محامٍ (وليس مختص أقمشة)
A2: الرقم المرجعي | B2: القسم | C2: العنصر | D2: النص بالعربية | E2: النص بالإنجليزية | F2: التقييم | G2: التصحيح المقترح | H2: المصدر / المرجع | I2: ملاحظات المراجع
A3: privacy1 | B3: سياسة الخصوصية | C3: ما نجمعه | D3: بريدك الإلكتروني أو حساب Google عند التسجيل. الصور التي تختارها (القطعة أو ملصق العناية أو لوحة الغسالة) لتحليلها. نتائج التحليل وغسالاتك المحفوظة وعدد التحليلات اليومي. المدينة التي تختارها، وموقعك التقريبي إن سمحت به. | E3: Your email or Google account when you sign up. The photos you choose (garment, care label, machine panel) so they can be analysed. Your analysis results, saved machines and daily analysis count. The city you pick, and your approximate location if you allow it.
A4: privacy2 | B4: سياسة الخصوصية | C4: كيف نستخدمه | D4: لتحليل الصور وتقديم توصيات الغسيل، ولحفظ سجلك، ولتطبيق حد الاستخدام اليومي، ولعرض أقرب المتاجر. لا نبيع بياناتك. العروض المموّلة تُعرض بوضوح بعلامة "برعاية" ولا تغيّر نصائح الغسيل. | E4: To analyse photos and give wash advice, keep your history, apply the daily usage limit and show nearby stores. We do not sell your data. Sponsored offers are clearly labelled and never change wash advice.
A5: privacy3 | B5: سياسة الخصوصية | C5: الجهات التي تعالج بياناتك | D5: الصور تُرسل إلى مزوّد الذكاء الاصطناعي المضبوط في الخادم (حاليًا Anthropic) لتحليلها فقط. الحسابات والبيانات المحفوظة تُخزَّن لدى Supabase. للبحث عن الفروع القريبة تُرسل إحداثياتك التقريبية إلى خدمة خرائط مفتوحة (OpenStreetMap/Photon). | E5: Photos are sent to the AI provider configured on our server (currently Anthropic) only to be analysed. Accounts and saved data are stored with Supabase. To find nearby branches, your approximate coordinates are sent to an open map service (OpenStreetMap/Photon).
A6: privacy4 | B6: سياسة الخصوصية | C6: مدة الاحتفاظ بالبيانات وحقوقك | D6: نحتفظ بنتائج تحليلاتك وغسالاتك حتى تحذف حسابك. يمكنك حذف حسابك وكل بياناته في أي وقت من الإعدادات. يمكنك إيقاف إذن الموقع من إعدادات هاتفك. | E6: We keep your results and machines until you delete your account. You can delete your account and all its data any time in Settings. You can turn off location access in your phone settings.
A7: privacy5 | B7: سياسة الخصوصية | C7: التواصل | D7: لأي سؤال عن خصوصيتك: support@example.com | E7: Questions about your privacy: support@example.com
A8: terms1 | B8: شروط الاستخدام | C8: إرشاد وليس ضمانًا | D8: توصيات نقاء إرشادية، وقد يخطئ تحليل الصور. اتبع دائمًا ملصق العناية في القطعة وتعليمات الجهة المصنِّعة. لا نتحمل تلف ملابس أو أجهزة ناتجًا عن الاعتماد على التوصيات. | E8: Naqa's advice is guidance and photo analysis can be wrong. Always follow the garment's care label and the manufacturer's instructions. We are not liable for damage to clothes or appliances from relying on it.
A9: terms2 | B9: شروط الاستخدام | C9: حد الاستخدام | D9: عدد التحليلات اليومية محدود في الخطة المجانية، ويتجدد يوميًا بتوقيت عُمان. | E9: Daily analyses are limited on the free plan and reset each day (Oman time).
A10: terms3 | B10: شروط الاستخدام | C10: المتاجر والعروض والمنتجات | D10: مواقع الفروع من خرائط مفتوحة وقد تكون غير دقيقة. توفر المنتجات تقريبي ويجب التأكد داخل المتجر. العروض من معلنين وتحمل علامة "برعاية". الأسعار والتفاصيل مسؤولية المعلن. | E10: Branch locations come from open maps and may be inaccurate. Product availability is indicative: confirm in store. Offers come from advertisers and are labelled "Sponsored". Prices and details are the advertiser's responsibility.
A11: terms4 | B11: شروط الاستخدام | C11: استخدامك للتطبيق | D11: لا ترفع صورًا غير لائقة أو لا تملك حق استخدامها، ولا تحاول تعطيل الخدمة أو تجاوز حدودها. يجوز إيقاف الحسابات المخالفة. | E11: Do not upload inappropriate images or ones you have no right to use, and do not try to disrupt the service or bypass its limits. Accounts that break these rules may be suspended.
